{
  "accuracy": 52.2,
  "precision_macro": 39.62899399436843,
  "recall_macro": 48.62989174156675,
  "f1_macro": 40.241874924987286,
  "precision_weighted": 67.90025963081531,
  "recall_weighted": 52.2,
  "f1_weighted": 55.75941422910723,
  "confusion_matrix": [
    [
      84,
      11,
      5,
      10,
      3
    ],
    [
      8,
      71,
      37,
      26,
      4
    ],
    [
      2,
      11,
      52,
      18,
      3
    ],
    [
      67,
      93,
      144,
      314,
      28
    ],
    [
      3,
      1,
      1,
      3,
      1
    ]
  ],
  "unique_labels": [
    0,
    1,
    2,
    3,
    4
  ],
  "per_class": {
    "precision": [
      51.21951219512195,
      37.967914438502675,
      21.75732217573222,
      84.63611859838275,
      2.564102564102564
    ],
    "recall": [
      74.33628318584071,
      48.63013698630137,
      60.46511627906976,
      48.60681114551084,
      11.11111111111111
    ],
    "f1": [
      60.64981949458483,
      42.64264264264264,
      32.0,
      61.750245821042284,
      4.166666666666666
    ],
    "support": [
      113,
      146,
      86,
      646,
      9
    ],
    "tp": [
      84,
      71,
      52,
      314,
      1
    ],
    "fp": [
      80,
      116,
      187,
      57,
      38
    ],
    "fn": [
      29,
      75,
      34,
      332,
      8
    ],
    "tn": [
      807,
      738,
      727,
      297,
      953
    ]
  }
}