{
  "accuracy": 83.2,
  "precision_macro": 67.10098451035283,
  "recall_macro": 66.75449821743193,
  "f1_macro": 66.07479100937203,
  "precision_weighted": 83.00142119730539,
  "recall_weighted": 83.2,
  "f1_weighted": 82.86236391943109,
  "confusion_matrix": [
    [
      326,
      37,
      4,
      5,
      3
    ],
    [
      36,
      415,
      0,
      0,
      0
    ],
    [
      5,
      0,
      40,
      12,
      4
    ],
    [
      0,
      0,
      12,
      37,
      9
    ],
    [
      10,
      0,
      8,
      23,
      14
    ]
  ],
  "unique_labels": [
    0,
    1,
    2,
    3,
    4
  ],
  "per_class": {
    "precision": [
      86.47214854111405,
      91.8141592920354,
      62.5,
      48.05194805194805,
      46.666666666666664
    ],
    "recall": [
      86.93333333333332,
      92.01773835920177,
      65.57377049180327,
      63.793103448275865,
      25.454545454545453
    ],
    "f1": [
      86.70212765957447,
      91.9158361018826,
      64.0,
      54.81481481481482,
      32.94117647058823
    ],
    "support": [
      375,
      451,
      61,
      58,
      55
    ],
    "tp": [
      326,
      415,
      40,
      37,
      14
    ],
    "tn": [
      574,
      512,
      915,
      902,
      929
    ],
    "fp": [
      51,
      37,
      24,
      40,
      16
    ],
    "fn": [
      49,
      36,
      21,
      21,
      41
    ]
  },
  "total_samples": 1000,
  "correct": 832,
  "incorrect": 168
}