{
  "accuracy": 79.49889712120356,
  "precision_macro": 59.928469172143025,
  "recall_macro": 60.67683006563468,
  "f1_macro": 60.13346270771069,
  "precision_weighted": 79.60486794727102,
  "recall_weighted": 79.49889712120356,
  "f1_weighted": 79.39347467459454,
  "confusion_matrix": [
    [
      32788,
      9772,
      1483,
      1465,
      2612
    ],
    [
      5296,
      94000,
      0,
      0,
      0
    ],
    [
      1293,
      0,
      5187,
      1883,
      1435
    ],
    [
      681,
      0,
      2329,
      5001,
      1787
    ],
    [
      1383,
      0,
      2206,
      2623,
      3586
    ]
  ],
  "unique_labels": [
    0,
    1,
    2,
    3,
    4
  ],
  "per_class": {
    "precision": [
      79.11971236215342,
      90.58320163435224,
      46.291834002677376,
      45.579657309515135,
      38.067940552016985
    ],
    "recall": [
      68.13798836242727,
      94.66645182081857,
      52.93937538273117,
      51.04102878138396,
      36.59930598081241
    ],
    "f1": [
      73.21937003829791,
      92.57982547718005,
      49.39294386516212,
      48.155994222436206,
      37.31917993547716
    ],
    "support": [
      48120,
      99296,
      9798,
      9798,
      9798
    ],
    "tp": [
      32788,
      94000,
      5187,
      5001,
      3586
    ],
    "tn": [
      120037,
      67742,
      160994,
      161041,
      161178
    ],
    "fp": [
      8653,
      9772,
      6018,
      5971,
      5834
    ],
    "fn": [
      15332,
      5296,
      4611,
      4797,
      6212
    ]
  },
  "total_samples": 176810,
  "correct": 140562,
  "incorrect": 36248
}