{
  "accuracy": 73.57672077371188,
  "precision_macro": 50.06393922826705,
  "recall_macro": 49.32012712601024,
  "f1_macro": 48.152223011845386,
  "precision_weighted": 72.17904207220282,
  "recall_weighted": 73.57672077371188,
  "f1_weighted": 72.31481527377248,
  "confusion_matrix": [
    [
      84681,
      6444,
      1305,
      1733,
      1591,
      304
    ],
    [
      6430,
      32374,
      0,
      0,
      0,
      0
    ],
    [
      1481,
      0,
      5359,
      2336,
      936,
      330
    ],
    [
      1716,
      0,
      1225,
      5093,
      1731,
      749
    ],
    [
      3345,
      0,
      1669,
      3260,
      1747,
      531
    ],
    [
      2275,
      0,
      1663,
      4224,
      1441,
      837
    ]
  ],
  "unique_labels": [
    0,
    1,
    2,
    3,
    4,
    5
  ],
  "per_class": {
    "precision": [
      84.74201425026018,
      83.3994538616106,
      47.758666785491485,
      30.59593896431575,
      23.462261616975557,
      30.425299890948747
    ],
    "recall": [
      88.1561140144496,
      83.4295433460468,
      51.3215859030837,
      48.44017500475557,
      16.556103108415464,
      8.017241379310343
    ],
    "f1": [
      86.41535619891216,
      83.41449589034036,
      49.47606518026127,
      37.50368188512518,
      19.413268140904545,
      12.69047077552877
    ],
    "support": [
      96058,
      38804,
      10442,
      10514,
      10552,
      10440
    ],
    "tp": [
      84681,
      32374,
      5359,
      5093,
      1747,
      837
    ],
    "tn": [
      65505,
      131562,
      160506,
      154743,
      160559,
      164456
    ],
    "fp": [
      15247,
      6444,
      5862,
      11553,
      5699,
      1914
    ],
    "fn": [
      11377,
      6430,
      5083,
      5421,
      8805,
      9603
    ]
  },
  "total_samples": 176810,
  "correct": 130091,
  "incorrect": 46719
}