{
  "accuracy": 53.2,
  "precision_macro": 40.574638582770476,
  "recall_macro": 50.45183694779685,
  "f1_macro": 41.363921991035085,
  "precision_weighted": 69.51779794703164,
  "recall_weighted": 53.2,
  "f1_weighted": 56.55749003092515,
  "confusion_matrix": [
    [
      90,
      9,
      4,
      7,
      3
    ],
    [
      9,
      77,
      35,
      21,
      4
    ],
    [
      2,
      13,
      52,
      16,
      3
    ],
    [
      71,
      94,
      148,
      312,
      21
    ],
    [
      2,
      1,
      1,
      4,
      1
    ]
  ],
  "unique_labels": [
    0,
    1,
    2,
    3,
    4
  ],
  "per_class": {
    "precision": [
      51.724137931034484,
      39.69072164948454,
      21.666666666666668,
      86.66666666666667,
      3.125
    ],
    "recall": [
      79.64601769911505,
      52.73972602739726,
      60.46511627906976,
      48.297213622291025,
      11.11111111111111
    ],
    "f1": [
      62.7177700348432,
      45.294117647058826,
      31.901840490797547,
      62.02783300198808,
      4.878048780487805
    ],
    "support": [
      113,
      146,
      86,
      646,
      9
    ],
    "tp": [
      90,
      77,
      52,
      312,
      1
    ],
    "fp": [
      84,
      117,
      188,
      48,
      31
    ],
    "fn": [
      23,
      69,
      34,
      334,
      8
    ],
    "tn": [
      803,
      737,
      726,
      306,
      960
    ]
  }
}