{
  "accuracy": 79.62,
  "precision_macro": 63.60011267520268,
  "recall_macro": 62.307075192440955,
  "f1_macro": 62.576427025535175,
  "precision_weighted": 78.91210615290078,
  "recall_weighted": 79.62,
  "f1_weighted": 79.10991444822284,
  "confusion_matrix": [
    [
      6016,
      1542,
      179,
      116,
      251
    ],
    [
      835,
      14959,
      0,
      0,
      0
    ],
    [
      274,
      0,
      1037,
      508,
      219
    ],
    [
      164,
      0,
      352,
      1260,
      291
    ],
    [
      433,
      0,
      351,
      599,
      614
    ]
  ],
  "unique_labels": [
    0,
    1,
    2,
    3,
    4
  ],
  "per_class": {
    "precision": [
      77.9072779072779,
      90.65511181140536,
      54.03856175091193,
      50.74506645187273,
      44.65454545454545
    ],
    "recall": [
      74.23494570582429,
      94.71318222109662,
      50.883218842001966,
      60.957910014513786,
      30.74611917876815
    ],
    "f1": [
      76.02679135599647,
      92.63972751199876,
      52.41344452868335,
      55.38461538461539,
      36.41755634638197
    ],
    "support": [
      8104,
      15794,
      2038,
      2067,
      1997
    ],
    "tp": [
      6016,
      14959,
      1037,
      1260,
      614
    ],
    "tn": [
      20190,
      12664,
      27080,
      26710,
      27242
    ],
    "fp": [
      1706,
      1542,
      882,
      1223,
      761
    ],
    "fn": [
      2088,
      835,
      1001,
      807,
      1383
    ]
  },
  "total_samples": 30000,
  "correct": 23886,
  "incorrect": 6114
}