{
  "accuracy": 78.91182625417115,
  "precision_macro": 58.88144423074774,
  "recall_macro": 59.32448530457728,
  "f1_macro": 58.57264691556683,
  "precision_weighted": 78.53718553579935,
  "recall_weighted": 78.91182625417115,
  "f1_weighted": 78.4814883334058,
  "confusion_matrix": [
    [
      32252,
      10252,
      2022,
      1927,
      1667
    ],
    [
      5239,
      94057,
      0,
      0,
      0
    ],
    [
      1294,
      0,
      5412,
      2209,
      883
    ],
    [
      1153,
      0,
      1654,
      5434,
      1557
    ],
    [
      2225,
      0,
      2200,
      3004,
      2369
    ]
  ],
  "unique_labels": [
    0,
    1,
    2,
    3,
    4
  ],
  "per_class": {
    "precision": [
      76.49360813983824,
      90.17150964921531,
      47.94472005669738,
      43.21616033084142,
      36.58122297714639
    ],
    "recall": [
      67.024106400665,
      94.72385594585884,
      55.2357624004899,
      55.46029802000408,
      24.178403755868544
    ],
    "f1": [
      71.44645171294707,
      92.39164067680066,
      51.33263776913593,
      48.57858036831754,
      29.11392405063291
    ],
    "support": [
      48120,
      99296,
      9798,
      9798,
      9798
    ],
    "tp": [
      32252,
      94057,
      5412,
      5434,
      2369
    ],
    "tn": [
      118779,
      67262,
      161136,
      159872,
      162905
    ],
    "fp": [
      9911,
      10252,
      5876,
      7140,
      4107
    ],
    "fn": [
      15868,
      5239,
      4386,
      4364,
      7429
    ]
  },
  "total_samples": 176810,
  "correct": 139524,
  "incorrect": 37286
}