{
  "accuracy": 53.59,
  "precision_macro": 52.66934174581872,
  "recall_macro": 53.47731778911026,
  "f1_macro": 52.54226477035093,
  "precision_weighted": 52.68654302435964,
  "recall_weighted": 53.59,
  "f1_weighted": 52.60939394226107,
  "confusion_matrix": [
    [
      1798,
      227,
      155,
      319
    ],
    [
      339,
      1266,
      620,
      265
    ],
    [
      198,
      433,
      1548,
      366
    ],
    [
      540,
      431,
      748,
      747
    ]
  ],
  "unique_labels": [
    