{
  "accuracy": 79.67,
  "precision_macro": 64.19378913997404,
  "recall_macro": 62.68162097259227,
  "f1_macro": 63.03700581117454,
  "precision_weighted": 78.89343746330961,
  "recall_weighted": 79.67,
  "f1_weighted": 79.1123647991072,
  "confusion_matrix": [
    [
      1977,
      509,
      58,
      36,
      84
    ],
    [
      264,
      4977,
      0,
      0,
      0
    ],
    [
      102,
      0,
      341,
      164,
      71
    ],
    [
      52,
      0,
      122,
      457,
      98
    ],
    [
      151,
      0,
      109,
      213,
      215
    ]
  ],
  "unique_labels": [
    0,
    1,
    2,
    3,
    4
  ],
  "per_class": {
    "precision": [
      77.65121759622939,
      90.72183740430187,
      54.12698412698413,
      52.52873563218391,
      45.94017094017094
    ],
    "recall": [
      74.21171171171171,
      94.9627933600458,
      50.29498525073747,
      62.68861454046639,
      31.25
    ],
    "f1": [
      75.89251439539348,
      92.7938845902862,
      52.14067278287462,
      57.160725453408375,
      37.19723183391003
    ],
    "support": [
      2664,
      5241,
      678,
      729,
      688
    ],
    "tp": [
      1977,
      4977,
      341,
      457,
      215
    ],
    "tn": [
      6767,
      4250,
      9033,
      8858,
      9059
    ],
    "fp": [
      569,
      509,
      289,
      413,
      253
    ],
    "fn": [
      687,
      264,
      337,
      272,
      473
    ]
  },
  "total_samples": 10000,
  "correct": 7967,
  "incorrect": 2033
}